Workbook

Sheet README
A1: PCF-0 golden spreadsheet · Midal pilot
A2: ALL NUMBERS ARE PLACEHOLDERS. This is NOT Midal data and must never be shown to a client as such.
A3: Transport factors F-ROAD and F-SEA are the real DEFRA 2024 rows already in ESG-lite; everything else is invented.
A5: Product: EC-grade aluminium wire rod 9.5 mm · declared unit 1 kg · cradle-to-gate · ISO 14067 · AR6 GWP100
A6: Reference period: 2025-01-01 to 2025-12-31 (CY) · allocation key: mass
A8: Yellow cells are inputs. Everything else is a formula; change an input and the Result sheet updates.
A9: Sheets: Study, Factors, Inputs (A1, packaging, waste), Transport (A2), Allocation (A3 energy), Result, Reconciliation.
A10: The calculation mirrors computePcf in E1 (docs/pcf/foundation/E1-data-and-engine/CLAUDE.md, steps 1-7).
A11: pilot-golden.json carries the same inputs and the expected outputs for the E1 golden test (±0.5%).
A12: Regenerate both with: python3 docs/pcf/phase0/build_golden.py

Sheet Study
A1: Field | B1: Value
A2: product | B2: EC-grade aluminium wire rod 9.5 mm
A3: company | B3: Midal Cables (pilot)
A4: site | B4: Bahrain plant (placeholder)
A5: declared_unit | B5: kg
A6: declared_unit_qty | B6: 1
A7: mass_per_unit_kg | B7: 1
A8: reference_start | B8: 2025-01-01
A9: reference_end | B9: 2025-12-31
A10: year_type | B10: CY
A11: boundary | B11: cradle_to_gate
A12: standard | B12: iso14067
A13: pcr_tag | B13: PEP PCR-ed4 / EN 50693 (optional)
A14: allocation_key | B14: mass
A15: cut_off_rule_pct | B15: 1
A16: cut_off_max_total_pct | B16: 5
A17: gwp_set | B17: AR6

Sheet Factors
A1: factor_id | B1: name | C1: material_group | D1: unit | E1: value_kgco2e | F1: gwp_set | G1: source | H1: licence
A2: F-AL-P | B2: Primary aluminium, molten metal, GCC | C2: aluminium | D2: kg | E2: 8.6 | F2: AR6 | G2: PLACEHOLDER (not Midal data) | H2: open
A3: F-AL-R | B3: Recycled aluminium (cut-off: remelt only) | C3: aluminium | D3: kg | E3: 0.5 | F3: AR6 | G3: PLACEHOLDER (not Midal data) | H3: open
A4: F-ALB | B4: Al-B master alloy (AlB4) | C4: aluminium | D4: kg | E4: 12 | F4: AR6 | G4: PLACEHOLDER (not Midal data) | H4: open
A5: F-LUB | B5: Rolling emulsion concentrate | C5: chemical | D5: kg | E5: 1.8 | F5: AR6 | G5: PLACEHOLDER (not Midal data) | H5: open
A6: F-PAL | B6: Wooden pallet (fossil part only) | C6: packaging | D6: kg | E6: 0.25 | F6: AR6 | G6: PLACEHOLDER (not Midal data) | H6: open
A7: F-STR | B7: Steel strapping | C7: packaging | D7: kg | E7: 2.3 | F7: AR6 | G7: PLACEHOLDER (not Midal data) | H7: open
A8: F-PE | B8: PE stretch film | C8: packaging | D8: kg | E8: 2.6 | F8: AR6 | G8: PLACEHOLDER (not Midal data) | H8: open
A9: F-LDF | B9: Industrial waste to landfill | C9: waste | D9: kg | E9: 0.5 | F9: AR6 | G9: PLACEHOLDER (not Midal data) | H9: open
A10: F-HAZ | B10: Spent emulsion to treatment | C10: waste | D10: kg | E10: 0.9 | F10: AR6 | G10: PLACEHOLDER (not Midal data) | H10: open
A11: F-ROAD | B11: Road - HGV (all diesel) - All rigids [tonne.km] | C11: transport | D11: tonne.km | E11: 0.2408 | F11: AR6 | G11: DEFRA 2024 Freighting goods + WTT (existing EmissionFactor row, 2025) | H11: open
A12: F-SEA | B12: Sea - Cargo ship - General Cargo | C12: transport | D12: tonne.km | E12: 0.0162 | F12: AR6 | G12: DEFRA 2024 Freighting goods + WTT (existing EmissionFactor row, 2025) | H12: open

Sheet Inputs
A1: id | B1: stage | C1: name | D1: factor_id | E1: recycled_factor_id | F1: qty_per_unit | G1: unit | H1: recycled_share_pct | I1: virgin_factor | J1: recycled_factor | K1: kgco2e_per_unit | L1: data_type | M1: dqr_technology | N1: dqr_geography | O1: dqr_time
A2: I1 | B2: A1 | C2: Aluminium (incl. 1.2% process loss) | D2: F-AL-P | E2: F-AL-R | F2: 1.012 | G2: kg | H2: 5 | I2: =Factors!$E$2 | J2: =Factors!$E$3 | K2: =F2*((1-H2/100)*I2+(H2/100)*J2) | L2: secondary | M2: 2 | N2: 2 | O2: 1
A3: I2 | B3: A1 | C3: Al-B master alloy | D3: F-ALB | F3: 0.002 | G3: kg | H3: 0 | I3: =Factors!$E$4 | J3: =Factors!$E$4 | K3: =F3*((1-H3/100)*I3+(H3/100)*J3) | L3: secondary | M3: 2 | N3: 3 | O3: 2
A4: I3 | B4: A1 | C4: Rolling emulsion concentrate | D4: F-LUB | F4: 0.0008 | G4: kg | H4: 0 | I4: =Factors!$E$5 | J4: =Factors!$E$5 | K4: =F4*((1-H4/100)*I4+(H4/100)*J4) | L4: secondary | M4: 3 | N4: 3 | O4: 2
A5: I4 | B5: A3_packaging | C5: Wooden pallet | D5: F-PAL | F5: 0.004 | G5: kg | H5: 0 | I5: =Factors!$E$6 | J5: =Factors!$E$6 | K5: =F5*((1-H5/100)*I5+(H5/100)*J5) | L5: secondary | M5: 2 | N5: 2 | O5: 2
A6: I5 | B6: A3_packaging | C6: Steel strapping | D6: F-STR | F6: 0.0015 | G6: kg | H6: 0 | I6: =Factors!$E$7 | J6: =Factors!$E$7 | K6: =F6*((1-H6/100)*I6+(H6/100)*J6) | L6: secondary | M6: 2 | N6: 2 | O6: 2
A7: I6 | B7: A3_packaging | C7: PE stretch film | D7: F-PE | F7: 0.0006 | G7: kg | H7: 0 | I7: =Factors!$E$8 | J7: =Factors!$E$8 | K7: =F7*((1-H7/100)*I7+(H7/100)*J7) | L7: secondary | M7: 2 | N7: 2 | O7: 2
A8: I7 | B8: A3_waste | C8: Industrial waste to landfill | D8: F-LDF | F8: 0.003 | G8: kg | H8: 0 | I8: =Factors!$E$9 | J8: =Factors!$E$9 | K8: =F8*((1-H8/100)*I8+(H8/100)*J8) | L8: primary | M8: 2 | N8: 2 | O8: 1
A9: I8 | B9: A3_waste | C9: Spent emulsion to treatment | D9: F-HAZ | F9: 0.0005 | G9: kg | H9: 0 | I9: =Factors!$E$10 | J9: =Factors!$E$10 | K9: =F9*((1-H9/100)*I9+(H9/100)*J9) | L9: primary | M9: 2 | N9: 2 | O9: 1

Sheet Transport
A1: id | B1: stage | C1: name | D1: carried_input | E1: mass_t_per_unit | F1: factor_id | G1: distance_km | H1: factor_kgco2e_per_tkm | I1: kgco2e_per_unit | J1: data_type | K1: dqr_technology | L1: dqr_geography | M1: dqr_time
A2: T1 | B2: A2 | C2: Molten metal, smelter to plant (road) | D2: I1 | E2: =Inputs!F2/1000 | F2: F-ROAD | G2: 5 | H2: =Factors!$E$11 | I2: =E2*G2*H2 | J2: primary | K2: 1 | L2: 1 | M2: 1
A3: T2 | B3: A2 | C3: Master alloy, Rotterdam to Khalifa Bin Salman port (sea) | D3: I2 | E3: =Inputs!F3/1000 | F3: F-SEA | G3: 11800 | H3: =Factors!$E$12 | I3: =E3*G3*H3 | J3: secondary | K3: 2 | L3: 2 | M3: 2
A4: T3 | B4: A2 | C4: Master alloy, port to plant (road) | D4: I2 | E4: =Inputs!F3/1000 | F4: F-ROAD | G4: 40 | H4: =Factors!$E$11 | I4: =E4*G4*H4 | J4: secondary | K4: 2 | L4: 2 | M4: 2
A5: T4 | B5: A2 | C5: Emulsion concentrate, Jebel Ali to plant (sea) | D5: I3 | E5: =Inputs!F4/1000 | F5: F-SEA | G5: 900 | H5: =Factors!$E$12 | I5: =E5*G5*H5 | J5: secondary | K5: 2 | L5: 2 | M5: 2

Sheet Allocation
A1: Approved ProductionData at the site in the reference period (t)
A2: product | B2: quantity_t
A3: EC-grade aluminium wire rod 9.5 mm | B3: 120000
A4: Alloy rod 6101 | B4: 60000
A5: AAAC / ACSR conductor | B5: 90000
A6: Other products | B6: 30000
A7: site total (key_value_site_total) | B7: =SUM(B3:B6)
A8: pilot product (key_value_product) | B8: =B3
A9: share = product / site | B9: =B8/B7
A10: product output in declared units | B10: =B8*1000/Study!$B$7
A11: Approved Emission rows, Scope 1 + 2 only, same site and period (tCO2e)
A12: id | B12: category | C12: scope | D12: period_total_tco2e | E12: share | F12: allocated_kgco2e_per_unit | G12: data_type | H12: dqr_technology | I12: dqr_geography | J12: dqr_time
A13: E1 | B13: Stationary combustion - Natural gas | C13: 1 | D13: 18000 | E13: =$B$9 | F13: =D13*1000*E13/$B$10 | G13: primary | H13: 1 | I13: 1 | J13: 1
A14: E2 | B14: Mobile combustion - Diesel (forklifts) | C14: 1 | D14: 600 | E14: =$B$9 | F14: =D14*1000*E14/$B$10 | G14: primary | H14: 1 | I14: 1 | J14: 1
A15: E3 | B15: Stationary combustion - LPG | C15: 1 | D15: 150 | E15: =$B$9 | F15: =D15*1000*E15/$B$10 | G15: primary | H15: 1 | I15: 1 | J15: 1
A16: E4 | B16: Purchased electricity (location-based) | C16: 2 | D16: 42000 | E16: =$B$9 | F16: =D16*1000*E16/$B$10 | G16: primary | H16: 1 | I16: 1 | J16: 1

Sheet Result
A1: Result per declared unit (kg CO2e / 1 kg rod) · PLACEHOLDER NUMBERS
A3: id | B3: stage | C3: name | D3: kgco2e_per_unit | E3: share_of_total_pct | F3: below_cut_off | G3: data_type | H3: dqr_technology | I3: dqr_geography | J3: dqr_time
A4: =Inputs!A2 | B4: =Inputs!B2 | C4: =Inputs!C2 | D4: =Inputs!K2 | E4: =D4/$D$22*100 | F4: =IF(E4<Study!$B$15,"yes","no") | G4: =Inputs!L2 | H4: =Inputs!M2 | I4: =Inputs!N2 | J4: =Inputs!O2
A5: =Inputs!A3 | B5: =Inputs!B3 | C5: =Inputs!C3 | D5: =Inputs!K3 | E5: =D5/$D$22*100 | F5: =IF(E5<Study!$B$15,"yes","no") | G5: =Inputs!L3 | H5: =Inputs!M3 | I5: =Inputs!N3 | J5: =Inputs!O3
A6: =Inputs!A4 | B6: =Inputs!B4 | C6: =Inputs!C4 | D6: =Inputs!K4 | E6: =D6/$D$22*100 | F6: =IF(E6<Study!$B$15,"yes","no") | G6: =Inputs!L4 | H6: =Inputs!M4 | I6: =Inputs!N4 | J6: =Inputs!O4
A7: =Inputs!A5 | B7: =Inputs!B5 | C7: =Inputs!C5 | D7: =Inputs!K5 | E7: =D7/$D$22*100 | F7: =IF(E7<Study!$B$15,"yes","no") | G7: =Inputs!L5 | H7: =Inputs!M5 | I7: =Inputs!N5 | J7: =Inputs!O5
A8: =Inputs!A6 | B8: =Inputs!B6 | C8: =Inputs!C6 | D8: =Inputs!K6 | E8: =D8/$D$22*100 | F8: =IF(E8<Study!$B$15,"yes","no") | G8: =Inputs!L6 | H8: =Inputs!M6 | I8: =Inputs!N6 | J8: =Inputs!O6
A9: =Inputs!A7 | B9: =Inputs!B7 | C9: =Inputs!C7 | D9: =Inputs!K7 | E9: =D9/$D$22*100 | F9: =IF(E9<Study!$B$15,"yes","no") | G9: =Inputs!L7 | H9: =Inputs!M7 | I9: =Inputs!N7 | J9: =Inputs!O7
A10: =Inputs!A8 | B10: =Inputs!B8 | C10: =Inputs!C8 | D10: =Inputs!K8 | E10: =D10/$D$22*100 | F10: =IF(E10<Study!$B$15,"yes","no") | G10: =Inputs!L8 | H10: =Inputs!M8 | I10: =Inputs!N8 | J10: =Inputs!O8
A11: =Inputs!A9 | B11: =Inputs!B9 | C11: =Inputs!C9 | D11: =Inputs!K9 | E11: =D11/$D$22*100 | F11: =IF(E11<Study!$B$15,"yes","no") | G11: =Inputs!L9 | H11: =Inputs!M9 | I11: =Inputs!N9 | J11: =Inputs!O9
A12: =Transport!A2 | B12: =Transport!B2 | C12: =Transport!C2 | D12: =Transport!I2 | E12: =D12/$D$22*100 | F12: =IF(E12<Study!$B$15,"yes","no") | G12: =Transport!J2 | H12: =Transport!K2 | I12: =Transport!L2 | J12: =Transport!M2
A13: =Transport!A3 | B13: =Transport!B3 | C13: =Transport!C3 | D13: =Transport!I3 | E13: =D13/$D$22*100 | F13: =IF(E13<Study!$B$15,"yes","no") | G13: =Transport!J3 | H13: =Transport!K3 | I13: =Transport!L3 | J13: =Transport!M3
A14: =Transport!A4 | B14: =Transport!B4 | C14: =Transport!C4 | D14: =Transport!I4 | E14: =D14/$D$22*100 | F14: =IF(E14<Study!$B$15,"yes","no") | G14: =Transport!J4 | H14: =Transport!K4 | I14: =Transport!L4 | J14: =Transport!M4
A15: =Transport!A5 | B15: =Transport!B5 | C15: =Transport!C5 | D15: =Transport!I5 | E15: =D15/$D$22*100 | F15: =IF(E15<Study!$B$15,"yes","no") | G15: =Transport!J5 | H15: =Transport!K5 | I15: =Transport!L5 | J15: =Transport!M5
A16: =Allocation!A13 | B16: A3_energy | C16: =Allocation!B13 | D16: =Allocation!F13 | E16: =D16/$D$22*100 | F16: n/a | G16: =Allocation!G13 | H16: =Allocation!H13 | I16: =Allocation!I13 | J16: =Allocation!J13
A17: =Allocation!A14 | B17: A3_energy | C17: =Allocation!B14 | D17: =Allocation!F14 | E17: =D17/$D$22*100 | F17: n/a | G17: =Allocation!G14 | H17: =Allocation!H14 | I17: =Allocation!I14 | J17: =Allocation!J14
A18: =Allocation!A15 | B18: A3_energy | C18: =Allocation!B15 | D18: =Allocation!F15 | E18: =D18/$D$22*100 | F18: n/a | G18: =Allocation!G15 | H18: =Allocation!H15 | I18: =Allocation!I15 | J18: =Allocation!J15
A19: =Allocation!A16 | B19: A3_energy | C19: =Allocation!B16 | D19: =Allocation!F16 | E19: =D19/$D$22*100 | F19: n/a | G19: =Allocation!G16 | H19: =Allocation!H16 | I19: =Allocation!I16 | J19: =Allocation!J16
C21: by stage
C22: TOTAL kg CO2e per declared unit | D22: =SUM(D4:D19)
C23: A1 | D23: =SUMIF(B4:B19,"A1",D4:D19)
C24: A2 | D24: =SUMIF(B4:B19,"A2",D4:D19)
C25: A3_energy | D25: =SUMIF(B4:B19,"A3_energy",D4:D19)
C26: A3_packaging | D26: =SUMIF(B4:B19,"A3_packaging",D4:D19)
C27: A3_waste | D27: =SUMIF(B4:B19,"A3_waste",D4:D19)
C29: primary_data_share_pct | D29: =SUMIF(G4:G19,"primary",D4:D19)/$D$22*100
C30: dqr_technology (emission-weighted) | D30: =SUMPRODUCT(D4:D19,H4:H19)/$D$22
C31: dqr_geography (emission-weighted) | D31: =SUMPRODUCT(D4:D19,I4:I19)/$D$22
C32: dqr_time (emission-weighted) | D32: =SUMPRODUCT(D4:D19,J4:J19)/$D$22
C33: dqr_overall (mean of the three) | D33: =AVERAGE(D30:D32)
C35: cut-off: lines below threshold, % of total | D35: =SUMIF(F4:F19,"yes",D4:D19)/$D$22*100
C36: cut-off: within limit (< 5% in total) | D36: =IF(D35<Study!$B$16,"yes","NO")

Sheet Reconciliation
A1: Σ PCF(A3 energy) × approved production vs plant Scope 1+2 (only the pilot is footprinted, so coverage is low by design)
A3: plant Scope 1+2, tCO2e | B3: =SUM(Allocation!D13:D16)
A4: pilot A3 energy kg/unit | B4: =Result!$D$25
A5: pilot output, declared units | B5: =Allocation!$B$10
A6: covered tCO2e | B6: =B4*B5/1000
A7: coverage % | B7: =B6/B3*100
A8: flag (< 90% = a product is missing a footprint or the key is off) | B8: =IF(B7<90,"below 90%","ok")
